{
    "core": {
        "magic": "APF_VER_1",
        "metadata": {
            "platform_ids": ["zxspectrum"],
            "shortname": "ZXSpectrum",
            "description": "My first attempt at a ZX Spectrum 48K Core",
            "author": "dave18",
            "url": "",
            "version": "0.2.0-alpha",
            "date_release": "2024-08-14"
        },
        "framework": {
            "target_product": "Analogue Pocket",
            "version_required": "2.2",
            "sleep_supported": false,
            "dock": {
                "supported": true,
                "analog_output": false
            },
            "hardware": {
                "link_port": false,
                "cartridge_adapter": -1
            }
        },
        "cores": [
            {
                "name": "default",
                "id": 0,
                "filename": "bitstream.rbf_r"
            }
        ]
    }
}
