{
    "data": {
        "magic": "APF_VER_1",
        "data_slots": [
    {
        "name": " SNA",
        "id": "3",
        "required": false,
        "deferload": true,
        "parameters": 9,
        "filename": "",
        "extensions": ["sna"]
    },
    {
        "name": " Z80",
        "id": "4",
        "required": false,
        "deferload": true,
        "parameters": 9,
        "filename": "",
        "extensions": ["z80"]
    },
    {
        "name": " Tape (TAP)",
        "id": "0",
        "required": false,
        "deferload": true,
        "parameters": 9,
        "filename": "",
        "extensions": ["tap"]
    },
	{
        "name": " Tape (CSW)",
        "id": "1",
        "required": false,
        "deferload": true,
        "parameters": 9,
        "filename": "",
        "extensions": ["csw"]
    },
	{
        "name": " Tape (TZX)",
        "id": "2",
        "required": false,
        "deferload": true,
        "parameters": 9,
        "filename": "",
        "extensions": ["tzx"]
    },
	{
        "name": "ROM",
        "id": "0x200",
        "required": true,
        "deferload": true,
        "parameters": 10,
        "filename": "boot.rom",
        "extensions": ["rom"],
        "address": "0x00000000"
    }
    ]
    }
}
