{
    "data": {
        "magic": "APF_VER_1",
        "data_slots": [
    {
        "name": " Disk",
        "id": "1",
        "required": false,
        "deferload": true,
        "parameters": 9,
        "filename": "",
        "extensions": ["trd","img","dsk","mgt"]
    },
    {
        "name": " Tape",
        "id": "2",
        "required": false,
        "deferload": true,
        "parameters": 9,
        "filename": "",
        "extensions": ["tap","csw","tzx"]
    },
    {
        "name": " Snapshot",
        "id": "4",
        "required": false,
        "deferload": true,
        "parameters": 9,
        "filename": "",
        "extensions": ["z80","sna"]
    },
	{
        "name": " DivMMC",
        "id": "3",
        "required": false,
        "deferload": true,
        "parameters": 9,
        "filename": "",
        "extensions": ["vhd"]
    },
	{
        "name": "ROM",
        "id": "0x200",
        "required": true,
        "deferload": true,
        "parameters": 10,			
        "filename": "boot.rom",
        "extensions": ["rom"],
        "address": "0x00000000"
    },
	{
        "name": "CFG",
        "id": "0x400",
        "required": false,
        "deferload": true,
        "parameters": 2,			
        "filename": "",
        "extensions": ["cfg"]        
    }
    ]
    }
}
