{
    "video": {
        "magic": "APF_VER_1",
        "scaler_modes": [
            {
                "width": 320,
                "height": 240,
                "aspect_w": 4,
                "aspect_h": 3,
                "rotation": 0,
                "mirror": 0
            },
            {
                "width": 256,
                "height": 192,
                "aspect_w": 4,
                "aspect_h": 3,
                "rotation": 0,
                "mirror": 0
            }
        ]
    }
}
